TournID,MembID,FullName,Email,Mobile,amount paid,how paid,confirmed,memb,seed,tourn_date_ent,ranked,wcard,rank_pts,Vic_Rank,Junior
217,6117,"Benjamin Zawko",,,90,BT,1,No,,"2022-03-31 08:00:59",,,0,,na
217,5528,"Ciaran Dempsey",mags_houlihan@hotmail.com,"0410 394 514",80,BT,1,Yes,,"2022-03-27 17:48:08",,,0,192,U18
217,6110,"Jacob Shane Nash",jacobnash2003@hotmail.com,0427585305,90,BT,1,No,,"2022-03-14 19:40:01",,,0,,na
217,6113,"Jason YU",ypj72@yahoo.com,"0426 559 830",60,BT,1,No,,"2022-03-27 17:50:33",,,0,,U15
217,6061,"Jayden Dinga",belinda.dinga77@gmail.com,"0409 811 687",90,BT,1,No,,"2022-03-14 19:40:01",,,0,196,na
217,5868,"Joshua  Hands",,,90,BT,1,No,,"2022-03-21 17:31:12",,,0,,na
217,5878,"Lilly Meldrum",smeldrum46@gmail.com,"0449 802 751 ",90,BT,1,No,,"2022-03-27 17:48:08",,,0,267,na
217,5136,"Marc Fridman",marcfridman@gmail.com,"0426 534 575",90,Other,1,Yes,,"2022-03-30 10:05:43",,,0,4,na
217,6112,"Xavier Daw",dawento@bigpond.net.au,"0407 582 388",90,BT,1,No,,"2022-03-24 04:47:37",,,0,,na
